-- phpMyAdmin SQL Dump
-- version 5.1.3
-- https://www.phpmyadmin.net/
--
-- Хост: 127.0.0.1:3306
-- Время создания: Май 24 2025 г., 02:12
-- Версия сервера: 8.0.29
-- Версия PHP: 8.1.5

SET SQL_MODE = "NO_AUTO_VALUE_ON_ZERO";
START TRANSACTION;
SET time_zone = "+00:00";


/*!40101 SET @OLD_CHARACTER_SET_CLIENT=@@CHARACTER_SET_CLIENT */;
/*!40101 SET @OLD_CHARACTER_SET_RESULTS=@@CHARACTER_SET_RESULTS */;
/*!40101 SET @OLD_COLLATION_CONNECTION=@@COLLATION_CONNECTION */;
/*!40101 SET NAMES utf8mb4 */;

--
-- База данных: `test_diplom`
--

-- --------------------------------------------------------

--
-- Структура таблицы `booking`
--

CREATE TABLE `booking` (
  `id` int UNSIGNED NOT NULL,
  `fio_guest` varchar(255) NOT NULL,
  `user_id` int UNSIGNED NOT NULL,
  `created_at` timestamp NOT NULL DEFAULT CURRENT_TIMESTAMP,
  `booking_date` date NOT NULL,
  `booking_time_start` time NOT NULL,
  `booking_time_end` time NOT NULL COMMENT 'по умол +2 часа от старта / пользватель указываеть если больше',
  `status_id` int UNSIGNED NOT NULL,
  `count_guest` int NOT NULL,
  `phone` varchar(255) NOT NULL,
  `email` varchar(255) NOT NULL,
  `token` varchar(255) DEFAULT NULL
) ENGINE=InnoDB DEFAULT CHARSET=utf8mb4 COLLATE=utf8mb4_0900_ai_ci;

--
-- Дамп данных таблицы `booking`
--

INSERT INTO `booking` (`id`, `fio_guest`, `user_id`, `created_at`, `booking_date`, `booking_time_start`, `booking_time_end`, `status_id`, `count_guest`, `phone`, `email`, `token`) VALUES
(100165550, 'Амир Баракат', 1, '2025-03-20 13:36:05', '2025-05-05', '12:00:00', '14:00:00', 4, 16, '3', 'barakatamir2005gmail.com', NULL),
(100165551, 'Amir Barakat', 1, '2025-03-20 13:39:13', '2025-03-08', '12:00:00', '14:00:00', 4, 16, '2', 'barakatamir2005@gmail.com', NULL),
(100165552, 'Amir Barakat', 1, '2025-03-20 13:43:07', '2025-03-08', '12:12:00', '14:12:00', 4, 15, '12', 'barakatamir2005@gmail.com', NULL),
(100165553, 'Amir Barakat', 1, '2025-03-20 13:44:15', '2025-03-08', '12:12:00', '14:12:00', 4, 15, '12', 'barakatamir2005@gmail.com', NULL),
(100165554, 'Amir Barakat', 1, '2025-03-20 13:54:43', '2025-03-08', '12:12:00', '14:12:00', 4, 15, '12', 'barakatamir2005@gmail.com', NULL),
(100165555, 'Amir Barakat', 1, '2025-03-20 13:55:00', '2025-03-08', '12:12:00', '14:12:00', 4, 15, '12', 'barakatamir2005@gmail.com', NULL),
(100165556, 'Amir Barakat', 1, '2025-03-20 13:55:02', '2025-03-08', '12:12:00', '14:12:00', 4, 15, '12', 'barakatamir2005@gmail.com', NULL),
(100165557, 'Amir Barakat', 1, '2025-03-20 13:55:44', '2025-03-08', '12:12:00', '14:12:00', 4, 15, '12', 'barakatamir2005@gmail.com', NULL),
(100165558, 'Amir Barakat', 1, '2025-03-20 13:59:04', '2025-03-08', '12:12:00', '14:12:00', 4, 15, '12', 'barakatamir2005@gmail.com', NULL),
(100165559, 'Amir Barakat', 1, '2025-03-20 14:01:23', '2025-03-08', '12:12:00', '14:12:00', 4, 15, '12', 'barakatamir2005@gmail.com', NULL),
(100165560, 'Amir Barakat', 1, '2025-03-20 14:01:44', '2025-03-08', '12:12:00', '14:12:00', 4, 15, '12', 'barakatamir2005@gmail.com', NULL),
(100165561, 'Amir Barakat', 1, '2025-03-20 14:11:15', '2025-03-08', '12:12:00', '14:12:00', 4, 15, '12', 'barakatamir2005@gmail.com', NULL),
(100165562, 'Amir Barakat', 1, '2025-03-20 14:12:04', '2025-03-08', '12:12:00', '14:12:00', 4, 15, '12', 'barakatamir2005@gmail.com', NULL),
(100165563, 'Amir Barakat', 1, '2025-03-20 14:12:25', '2025-03-08', '12:12:00', '14:12:00', 4, 15, '12', 'barakatamir2005@gmail.com', NULL),
(100165564, 'Amir Barakat', 1, '2025-03-20 14:12:47', '2025-03-08', '12:12:00', '14:12:00', 4, 15, '12', 'barakatamir2005@gmail.com', NULL),
(100165565, 'Amir Barakat', 1, '2025-03-20 14:14:46', '2025-03-22', '12:00:00', '14:00:00', 4, 15, '12', 'barakatamir2005@gmail.com', NULL),
(100165566, 'Amir Barakat', 1, '2025-03-20 14:17:39', '2025-03-22', '12:00:00', '14:00:00', 4, 15, '12', 'barakatamir2005@gmail.com', NULL),
(100165567, 'Amir Barakat', 1, '2025-03-20 14:18:35', '2025-03-08', '12:00:00', '14:00:00', 4, 15, '15', 'barakatamir2005@gmail.com', NULL),
(100165589, 'Amir Barakat', 1, '2025-03-27 22:42:55', '2025-03-29', '12:12:00', '14:12:00', 4, 12, '12', 'barakatamir2005@gmail.com', '29b3aa377081ae2f7e1a2e4c9ec2b0d30b426ad4c5d4b589dca2128e122b5912'),
(100165590, 'ggg', 1, '2025-04-04 20:18:07', '2025-04-05', '12:12:00', '14:12:00', 4, 11, '12', 'barakatamir2005@gmail.com', 'c9237c8b6fd56f2e874c81e793ad24b193e8586a94431e80fef7c9e80200a942'),
(100165591, 'Amir Barakat', 1, '2025-04-27 18:13:29', '2025-04-28', '12:12:00', '14:12:00', 4, 12, '12', 'barakatamir2005@gmail.com', 'd31002ad3d0bc86ef9aedccd41e22c6fd9ac6f807e67a6ef87122ef8b5d3dbb1'),
(100165592, 'вап', 1, '2025-04-27 19:08:33', '2025-04-11', '12:12:00', '14:12:00', 4, 6, 'ыва', 'barakatamir2005@gmail.com', '8e26f43b88f47f92538a7c8e2d265ed9d5d28a9bebd9e22bde620c10397cc376'),
(100165593, 'asd', 1, '2025-04-27 20:54:06', '2025-04-28', '12:01:00', '14:01:00', 4, 4, '12', '12@gmail.com', '694eafe787b0684a5690a79c167bf30323e6c7a852f15c8aa0b1b6695c1f136f'),
(100165594, 'as', 1, '2025-04-27 22:57:05', '2025-04-29', '12:12:00', '14:12:00', 4, 1, '1', '12@gmail.com', '1f00bae2553644aa09084be96cadc20b162f0cbac7c545304ab67a0981cfd49e'),
(100165595, 'фы', 1, '2025-04-28 16:00:49', '2025-04-29', '12:12:00', '14:12:00', 1, 1, '1', '12@gmail.com', '72c61241612bf194c32a4111238fab7e45edc4e48d25c7497ddd1d8d76a32d12'),
(100165596, '12', 1, '2025-04-28 16:01:43', '2025-04-29', '12:12:00', '14:12:00', 1, 1, '12', '12@gmail.com', '5274fd60ca5276ce39095203eec8286ad42d638f2572b8e606d532909ab5f050'),
(100165597, '12', 1, '2025-04-28 17:33:12', '2025-04-04', '12:12:00', '14:12:00', 1, 1, '12', '12@gmail.com', 'e2ad4df17b41e508c21314b5f7b47d253b02b6ca68b5a92b0da8251afff9207a'),
(100165598, 'фы', 1, '2025-04-28 17:42:41', '2025-04-18', '12:12:00', '14:12:00', 1, 1, '1', '12@gmail.com', '6d82785376320795f86f5a61eabcfbc1584362bafd0b6f507056c69008299bea'),
(100165599, 'фы', 1, '2025-04-28 17:44:22', '2025-04-16', '12:46:00', '14:46:00', 1, 1, '12', '12@gmail.com', '1aefc3f38e40be4639d5c8d1a8f33d3c12fef32b13cd5d36024ae2fbc4c5b5cf'),
(100165600, '12', 1, '2025-04-29 21:22:48', '2025-04-30', '12:12:00', '14:12:00', 1, 1, '1', '12@gmail.com', '54a85af5640e8c118383ba476b50e8e91d6279d01549d4fc31dc1c24ca9c9109'),
(100165601, '1`2', 1, '2025-04-30 18:33:30', '2025-05-01', '21:33:00', '23:33:00', 1, 1, '12', '12@gmail.com', '17a68b437b32384fee54f0f0bc299a5ce59180a48f1e97a91a223289dcd9a5a9'),
(100165602, '12', 1, '2025-04-30 22:17:41', '2025-05-02', '00:00:00', '02:00:00', 4, 1, '12', '12@gmail.com', '62cbfdd13d1c820d21e6006cc44933dbabf4f739db52af854e69d6614b379693'),
(100165603, '12', 1, '2025-04-30 22:18:14', '2025-05-02', '00:00:00', '02:00:00', 4, 1, '12', '12@gmail.com', 'f47612caa12d1434bb2aac2f5204bec88b22a2bcd51f58a32b2f230ad2dd53bb'),
(100165604, '12', 1, '2025-05-01 15:49:03', '2025-05-02', '12:12:00', '14:12:00', 1, 12, '12', '12@gmail.com', 'cfb3fffe92d8ad8b0c6b747aafe7335d86cd7f4bb2cf98b2f90cf281e5b0a15e'),
(100165605, '12', 1, '2025-05-01 15:49:44', '2025-05-02', '12:12:00', '14:12:00', 1, 12, '12', '12@gmail.com', '83a5a482a9a35f96ceb93ccdda01e8c7698466ae7b6c69cc50e6ee96e2a825be'),
(100165606, '12', 1, '2025-05-01 15:51:54', '2025-05-02', '12:12:00', '14:12:00', 1, 1, '1', '12@gmail.com', '953c27fecc15dbdcdfd363d67aa1f3551e34acb5b01b9010833072f57ca96b83'),
(100165607, '12', 1, '2025-05-01 15:54:50', '2025-05-02', '12:12:00', '14:12:00', 1, 1, '1', '12@gmail.com', '3356ca75cdec727a31915c751fd2c5b3adce2619c9d88d3568f30ced76f15263'),
(100165608, '1`2', 1, '2025-05-01 15:58:32', '2025-05-02', '11:11:00', '13:11:00', 1, 1, '1', '12@gmail.com', '47343a1845d19d588a2fdeb9c24fd80c8389acea3678b1ae2703a6224349c3a3'),
(100165609, '1`2', 1, '2025-05-01 15:58:41', '2025-05-02', '11:11:00', '13:11:00', 1, 1, '1', '12@gmail.com', '0ea5417c4488c161a7481005ab31ce1ae713fb2d5313d3d3bf78aec21d2dcc9c'),
(100165610, '12', 1, '2025-05-01 16:02:26', '2025-05-02', '12:12:00', '14:12:00', 1, 1, '12', '12@gmail.com', '529ff997aec9407136c85ee37a976ae441b2ca4539cfb61fc8a156bfdeaa9032'),
(100165611, '1`2', 1, '2025-05-04 22:25:22', '2025-05-02', '12:12:00', '14:12:00', 1, 1, '1', '12@gmail.com', 'a3e3a73df9959546a1dc83629ffa07a9fc72d40473ef443ce8f90cacfbac383a'),
(100165612, '11', 1, '2025-05-04 14:10:30', '2025-05-05', '12:12:00', '14:12:00', 1, 3, '12', '12@gmail.com', 'a4b8699a4c0f7dc29e5f7e3bdbda3d4931a26d028a23cae1de75546a85db4795'),
(100165613, 'Амир', 1, '2025-05-06 16:37:57', '2025-05-07', '12:00:00', '14:00:00', 4, 6, '12', 'barakatamir2005@gmail.com', '9e8526843d2ca986fa071dfad447f832b2e86f6baf9085a8229d77a6d7d60997'),
(100165614, 'Амир', 1, '2025-05-06 16:39:32', '2025-05-07', '12:00:00', '14:00:00', 4, 6, '12', 'barakatamir2005@gmail.com', 'c1bdc1ba0a7023ee6322cddd59d6dfb147355bee1abbf909a5382b5e0f33a42f'),
(100165615, '12', 1, '2025-05-07 15:34:47', '2025-05-08', '12:12:00', '14:12:00', 1, 1, '1', '12@gmail.com', '0d8fa0861248ad1c197e596938c3605fc60a16024f98bcded4bcaa9953625f87'),
(100165616, '12', 1, '2025-05-07 15:44:32', '2025-05-08', '12:12:00', '14:12:00', 1, 2, '1', '12@gmail.com', 'd2b51769e014ed912fd2f06aa0443eee0aa796380f0c6f54963ba7400d1d2ba4'),
(100165617, '12', 1, '2025-05-07 16:01:12', '2025-05-08', '12:12:00', '14:12:00', 4, 12, '12', '12@gmail.com', 'd812d0b5bfd7b4423fb0f2325a5184d7431d6d8d2ce5b1a83b2dc65d494c0208'),
(100165618, '12', 1, '2025-05-07 16:28:09', '2025-05-08', '12:12:00', '14:12:00', 4, 2, '12', '12@gmail.com', 'bc0d1eb25f9799fd49bdbf0c9e2da6d4b04e73ebf427f07e27302c1e02599ea9'),
(100165619, '12', 1, '2025-05-07 18:00:04', '2025-05-08', '12:12:00', '14:12:00', 4, 12, '12', 'barakatamir2005@gmail.com', '83e47e21bd6b5350ffdb2727dbd2a9205d6bcfe8850870ef2e2e15d734626348'),
(100165620, '12', 1, '2025-05-07 18:19:01', '2025-05-08', '12:12:00', '14:12:00', 4, 5, '12', 'barakatamir2005@gmail.com', 'e0aaf099900a0778654e1625faceab1e89add47828ff56fc875ebd3c544d2e7b'),
(100165621, '12', 1, '2025-05-07 19:43:04', '2025-05-08', '12:12:00', '14:12:00', 4, 5, '12', '12@gmail.com', '097c14890ab0d9a8e5e5e2a058148ab7275dee066166ff37907f391a0759312f'),
(100165622, '12', 1, '2025-05-07 19:43:34', '2025-05-09', '12:12:00', '14:12:00', 4, 1, '1', 'barakatamir2005@gmail.com', '07418e83329a31d07007edf155f4b8dacd6a8ba56c51025d8f2612c6a7e06166'),
(100165623, '1212', 1, '2025-05-07 20:19:40', '2025-05-08', '12:12:00', '14:12:00', 4, 1, '12', '12@gmail.com', '09b3fdcf9c4e3ac1dcf533c38c27b757d85edddee7c96d0d263d30a1ab65236a'),
(100165624, '12', 1, '2025-05-08 22:35:15', '2025-05-10', '12:12:00', '14:12:00', 4, 12, '12', '12@gmail.com', '478f75bc4678735f216d55e8c6dbec8e62dd322f09aa7eb06a5f8bd368461f58'),
(100165625, '12', 1, '2025-05-08 22:44:18', '2025-05-10', '12:12:00', '14:12:00', 4, 1, '1', 'barakatamir2005@gmail.com', 'f568a4e0ecfda6bc736c5b00e3cd25ad9a09a0c2879ebfffae055f17a06c2158'),
(100165626, '12', 1, '2025-05-08 22:45:49', '2025-05-10', '12:12:00', '14:12:00', 4, 1, '1', 'barakatamir2005@gmail.com', '4ed753d28ca7cc9c0762b4b4d535be3c93f0e842650f549e9d1bf94b06c31e78'),
(100165627, '12', 1, '2025-05-08 23:16:52', '2025-05-10', '12:12:00', '14:12:00', 4, 1, '1', 'barakatamir2005@gmail.com', '6cc76a007b1e4d4125df481f2e93a2fabab488473988deed0439bbb6e045501c'),
(100165628, '12', 1, '2025-05-08 23:23:39', '2025-05-10', '12:12:00', '14:12:00', 4, 1, '12', 'barakatamir2005@gmail.com', 'e095f2af0220b912d5d66fb89c66b14eb68709362138cc642dfcc74f514810e7'),
(100165629, '12', 1, '2025-05-08 23:24:42', '2025-05-10', '12:12:00', '14:12:00', 4, 1, '1', 'barakatamir2005@gmail.com', '492f9393f73f63f177612da031f13d7ca7c2340ccd6007d1caa684e8148d6616'),
(100165630, '12', 1, '2025-05-08 23:24:48', '2025-05-10', '12:12:00', '14:12:00', 4, 1, '1', 'barakatamir2005@gmail.com', 'f74163da4ed95ab863db4796ea9aa49b5c08dee959b3ba72d942da199a170c0a'),
(100165631, '12', 1, '2025-05-08 23:29:41', '2025-05-10', '12:12:00', '14:12:00', 4, 1, '1', 'barakatamir2005@gmail.com', '4twal7Jgd8xhhe8rQAWYRXspdQzyqZSU'),
(100165632, '12', 1, '2025-05-08 23:29:45', '2025-05-10', '12:12:00', '14:12:00', 4, 1, '1', 'barakatamir2005@gmail.com', 'KOmMoHHSDPm3b1AW7t__cmXmZpmDnyHZ'),
(100165633, '12', 1, '2025-05-08 23:31:29', '2025-05-10', '12:12:00', '14:12:00', 4, 1, '1', 'barakatamir2005@gmail.com', 'XDhQhjEyX4gGsIuhunTA2WqSF1Twa4s1'),
(100165634, '12', 1, '2025-05-08 23:31:31', '2025-05-10', '12:12:00', '14:12:00', 4, 1, '1', 'barakatamir2005@gmail.com', 'Y0AFX4nlsrdUyRz-de9M3CrpiYGj_zn3'),
(100165635, '12', 1, '2025-05-08 23:31:33', '2025-05-10', '12:12:00', '14:12:00', 4, 1, '1', 'barakatamir2005@gmail.com', 'agV9P29yt9Hc1Ey4M4_LI85mADMdxrkw'),
(100165636, '12', 1, '2025-05-08 23:33:36', '2025-05-10', '12:12:00', '14:12:00', 4, 1, '1', 'barakatamir2005@gmail.com', 'zYUUlasOmcmO1zK0juxraABHhoX96xjg'),
(100165637, '12', 1, '2025-05-08 23:33:39', '2025-05-10', '12:12:00', '14:12:00', 4, 1, '1', 'barakatamir2005@gmail.com', '3e75FQL2UD-r52WRx1gYP41sWXKUKsb3'),
(100165638, '12', 1, '2025-05-08 23:37:13', '2025-05-10', '12:01:00', '14:01:00', 4, 1, '1', 'barakatamir2005@gmail.com', 'q5GnduGs_iokPFovkZbyiAru5a1vLfJI'),
(100165639, '12', 1, '2025-05-08 23:37:18', '2025-05-10', '12:01:00', '14:01:00', 4, 1, '1', 'barakatamir2005@gmail.com', NULL),
(100165640, '12', 1, '2025-05-08 23:38:36', '2025-05-10', '12:12:00', '14:12:00', 4, 1, '12', 'barakatamir2005@gmail.com', '27IEHnsXhDvBsabQyL1DHSTvtz2gckyN'),
(100165641, '12', 1, '2025-05-08 23:39:31', '2025-05-10', '12:12:00', '14:12:00', 4, 3, '12', 'barakatamir2005@gmail.com', 'uTWvTIuzKXbM3Evw1tV5CYkIrzPfCITy'),
(100165642, '12', 1, '2025-05-08 23:39:33', '2025-05-10', '12:12:00', '14:12:00', 4, 3, '12', 'barakatamir2005@gmail.com', NULL),
(100165643, '12', 1, '2025-05-08 23:45:31', '2025-05-10', '12:12:00', '14:12:00', 4, 1, '1', 'barakatamir2005@gmail.com', 'eKNVRvQ1jUQ1Hw73fWYBgdtUKGBhmJjn'),
(100165644, '12', 1, '2025-05-08 23:45:45', '2025-05-10', '12:12:00', '14:12:00', 4, 1, '1', 'barakatamir2005@gmail.com', NULL),
(100165645, '12', 1, '2025-05-08 23:53:17', '2025-05-10', '12:12:00', '14:12:00', 4, 1, '1', 'barakatamir2005@gmail.com', 'U-27j_x7L7ZCaNKG76CWoogH-Wf3NArN'),
(100165646, '12', 1, '2025-05-08 23:53:23', '2025-05-10', '12:12:00', '14:12:00', 4, 1, '1', 'barakatamir2005@gmail.com', NULL),
(100165647, '1212', 1, '2025-05-09 01:36:38', '2025-05-10', '12:12:00', '14:12:00', 4, 1, '1', 'barakatamir2005@gmail.com', '581c8fd4faa3a468342c4eea99459d6b5b4470ec264a0db59a9987a21159aebe'),
(100165648, '12', 1, '2025-05-09 01:39:03', '2025-05-10', '12:12:00', '14:12:00', 4, 1, '12', '12@gmail.com', 'b7f00b1fec1b9886baad66684150e3c6cc9c144eb8a426a22703b7c35f089007'),
(100165649, 'Amir', 1, '2025-05-09 01:55:02', '2025-05-09', '10:00:00', '12:00:00', 4, 13, '1', 'barakatamir2005@gmail.com', '56c233caf609d47bd303bcf42c822d9958b34f4971e9985f1fb905cda2be75a2'),
(100165650, 'Radwan', 1, '2025-05-09 01:55:40', '2025-05-09', '10:00:00', '12:00:00', 4, 5, '+79118461127', '2624446@gmail.com', '864e089b618520fd68ba57fc031663291051e8c61f8ae9cf67f268af900fb4da'),
(100165651, '12', 1, '2025-05-09 14:04:35', '2025-05-10', '12:12:00', '14:12:00', 4, 1, '+7(111)-111-1111', 'barakatamir2005@gmail.com', '0eb2bfacaa23d730a2f23aa91a026dc292b3770fd9c43344b17bedbd3b815f6d'),
(100165652, '12', 1, '2025-05-10 16:34:02', '2025-05-10', '20:00:00', '22:00:00', 4, 1, '+7 (111)-111-1111', 'barakatamir2005@gmail.com', '29d55356520da0fa51d7e33faba631c80648a0fa70354c15e60304769edb6129'),
(100165653, '12', 1, '2025-05-10 17:03:07', '2025-05-11', '12:12:00', '14:12:00', 4, 1, '+7 (111)-111-1111', 'barakatamir2005@gmail.com', '5727f1706ee9e3f06131eed5af1b89c97e03180fd51636a03ff92bc436543088'),
(100165654, '121212', 1, '2025-05-10 17:13:08', '2025-05-11', '12:12:00', '14:12:00', 4, 1, '+7 (111)-111-1111', 'barakatamir2005@gmail.com', '25c3164ece18a98ae499a39d2835aedb00346473156ee03448d1bf27d02ae0a0'),
(100165655, '121212', 1, '2025-05-10 17:13:08', '2025-05-11', '12:12:00', '14:12:00', 4, 1, '+7 (111)-111-1111', 'barakatamir2005@gmail.com', '25c3164ece18a98ae499a39d2835aedb00346473156ee03448d1bf27d02ae0a0'),
(100165656, '121212', 1, '2025-05-10 17:13:08', '2025-05-11', '12:12:00', '14:12:00', 4, 1, '+7 (111)-111-1111', 'barakatamir2005@gmail.com', '25c3164ece18a98ae499a39d2835aedb00346473156ee03448d1bf27d02ae0a0'),
(100165657, '121212', 1, '2025-05-10 17:13:08', '2025-05-11', '12:12:00', '14:12:00', 4, 1, '+7 (111)-111-1111', 'barakatamir2005@gmail.com', '25c3164ece18a98ae499a39d2835aedb00346473156ee03448d1bf27d02ae0a0'),
(100165658, '121212', 1, '2025-05-10 17:13:08', '2025-05-11', '12:12:00', '14:12:00', 4, 1, '+7 (111)-111-1111', 'barakatamir2005@gmail.com', '25c3164ece18a98ae499a39d2835aedb00346473156ee03448d1bf27d02ae0a0'),
(100165659, '121212', 1, '2025-05-10 17:13:08', '2025-05-11', '12:12:00', '14:12:00', 4, 1, '+7 (111)-111-1111', 'barakatamir2005@gmail.com', '25c3164ece18a98ae499a39d2835aedb00346473156ee03448d1bf27d02ae0a0'),
(100165660, '1', 1, '2025-05-10 17:39:24', '2025-05-11', '12:12:00', '14:12:00', 4, 1, '+7 (111)-111-1111', 'barakatamir2005@gmail.com', '5842ea98a29492258787eeb8f198591299d1cf9f066aebfef1e157f6b307ab2b'),
(100165661, '1', 1, '2025-05-10 17:42:40', '2025-05-11', '12:12:00', '14:12:00', 4, 1, '+7 (111)-111-1111', 'barakatamir2005@gmail.com', '89ada247aa3c0955a0b74849ea3e9201cfa0377049ed38593ee6a1e3ee8915c4'),
(100165662, '12', 1, '2025-05-10 17:47:17', '2025-05-11', '12:12:00', '14:12:00', 4, 4, '+7 (111)-111-1111', 'barakatamir2005@gmail.com', '7cdebaead9363e586f857f882433f4cd7ab6e777579d1b54714ced1d9eb25e2a'),
(100165663, '1212', 1, '2025-05-10 17:53:24', '2025-05-11', '12:12:00', '14:12:00', 4, 1, '+7 (111)-111-1111', 'barakatamir2005@gmail.com', 'c55eb98a16910d03e0ec4829d105aa8f83b1684874219f5dd6ba0fee2f402e82'),
(100165664, '12', 1, '2025-05-10 18:17:24', '2025-05-11', '12:12:00', '14:12:00', 4, 1, '+7 (111)-111-1111', 'barakatamir2005@gmail.com', '7dcc1545cc2175db2bed3f5fafdc6bcae0d38ea30ac86e7a34835477db901546'),
(100165665, '1', 1, '2025-05-10 18:19:43', '2025-05-11', '12:12:00', '14:12:00', 4, 1, '+7 (111)-111-1111', 'barakatamir2005@gmail.com', '3a06567c6051696181411005df7abeddf0f78ef628e280610b3c8965dd2b16fe'),
(100165666, '12', 1, '2025-05-10 18:21:15', '2025-05-11', '12:12:00', '14:12:00', 4, 1, '+7 (111)-111-1111', 'barakatamir2005@gmail.com', '90b1450856e01c46cb1d41aeeb2b79c4c0882011fcd0a7e549da98bf62b87a3a'),
(100165667, '1', 1, '2025-05-10 18:37:39', '2025-05-11', '12:12:00', '14:12:00', 4, 1, '+7 (111)-111-1111', 'barakatamir2005@gmail.com', '9f4571fc8a4dfa8b532b6734fe93a0b8ee151cb12663dd7247b61640a2079269'),
(100165668, '12', 1, '2025-05-10 19:11:35', '2025-05-11', '12:12:00', '14:12:00', 1, 1, '+7 (111)-111-1111', 'barakatamir2005@gmail.com', '33d8f466b0183d01206b2ed07cf8c1f0af59278c9434c0789274887aa4364a69'),
(100165669, '12', 1, '2025-05-10 19:13:33', '2025-05-11', '12:12:00', '14:12:00', 4, 1, '+7 (111)-111-1111', 'barakatamir2005@gmail.com', '55d74996e8cf487c3f38bd5639da7d5806070606c89ad7af65cf90b55cb0fb30'),
(100165670, '12', 1, '2025-05-10 19:13:33', '2025-05-11', '12:12:00', '14:12:00', 4, 1, '+7 (111)-111-1111', 'barakatamir2005@gmail.com', '55d74996e8cf487c3f38bd5639da7d5806070606c89ad7af65cf90b55cb0fb30'),
(100165671, '12', 1, '2025-05-10 19:11:35', '2025-05-11', '12:12:00', '14:12:00', 1, 1, '+7 (111)-111-1111', 'barakatamir2005@gmail.com', '33d8f466b0183d01206b2ed07cf8c1f0af59278c9434c0789274887aa4364a69'),
(100165672, '12', 1, '2025-05-10 19:11:35', '2025-05-11', '12:12:00', '14:12:00', 1, 1, '+7 (111)-111-1111', 'barakatamir2005@gmail.com', '33d8f466b0183d01206b2ed07cf8c1f0af59278c9434c0789274887aa4364a69'),
(100165673, '12', 1, '2025-05-10 19:13:33', '2025-05-11', '12:12:00', '14:12:00', 4, 1, '+7 (111)-111-1111', 'barakatamir2005@gmail.com', '55d74996e8cf487c3f38bd5639da7d5806070606c89ad7af65cf90b55cb0fb30'),
(100165674, '12', 1, '2025-05-10 19:13:33', '2025-05-11', '12:12:00', '14:12:00', 1, 1, '+7 (111)-111-1111', 'barakatamir2005@gmail.com', '55d74996e8cf487c3f38bd5639da7d5806070606c89ad7af65cf90b55cb0fb30'),
(100165675, '12', 1, '2025-05-10 19:11:35', '2025-05-11', '12:12:00', '14:12:00', 1, 1, '+7 (111)-111-1111', 'barakatamir2005@gmail.com', '33d8f466b0183d01206b2ed07cf8c1f0af59278c9434c0789274887aa4364a69'),
(100165676, '12', 1, '2025-05-10 19:11:35', '2025-05-11', '12:12:00', '14:12:00', 1, 1, '+7 (111)-111-1111', 'barakatamir2005@gmail.com', '33d8f466b0183d01206b2ed07cf8c1f0af59278c9434c0789274887aa4364a69'),
(100165677, '12', 1, '2025-05-10 19:13:33', '2025-05-11', '12:12:00', '14:12:00', 4, 1, '+7 (111)-111-1111', 'barakatamir2005@gmail.com', '55d74996e8cf487c3f38bd5639da7d5806070606c89ad7af65cf90b55cb0fb30'),
(100165678, '12', 1, '2025-05-10 19:13:33', '2025-05-11', '12:12:00', '14:12:00', 4, 1, '+7 (111)-111-1111', 'barakatamir2005@gmail.com', '55d74996e8cf487c3f38bd5639da7d5806070606c89ad7af65cf90b55cb0fb30'),
(100165679, '12', 1, '2025-05-10 19:11:35', '2025-05-11', '12:12:00', '14:12:00', 1, 1, '+7 (111)-111-1111', 'barakatamir2005@gmail.com', '33d8f466b0183d01206b2ed07cf8c1f0af59278c9434c0789274887aa4364a69'),
(100165680, '12', 1, '2025-05-10 19:11:35', '2025-05-11', '12:12:00', '14:12:00', 1, 1, '+7 (111)-111-1111', 'barakatamir2005@gmail.com', '33d8f466b0183d01206b2ed07cf8c1f0af59278c9434c0789274887aa4364a69'),
(100165681, '12', 1, '2025-05-10 19:13:33', '2025-05-11', '12:12:00', '14:12:00', 1, 1, '+7 (111)-111-1111', 'barakatamir2005@gmail.com', '55d74996e8cf487c3f38bd5639da7d5806070606c89ad7af65cf90b55cb0fb30'),
(100165682, '12', 1, '2025-05-10 19:13:33', '2025-05-11', '12:12:00', '14:12:00', 1, 1, '+7 (111)-111-1111', 'barakatamir2005@gmail.com', '55d74996e8cf487c3f38bd5639da7d5806070606c89ad7af65cf90b55cb0fb30'),
(100165683, '12', 1, '2025-05-10 19:11:35', '2025-05-11', '12:12:00', '14:12:00', 1, 1, '+7 (111)-111-1111', 'barakatamir2005@gmail.com', '33d8f466b0183d01206b2ed07cf8c1f0af59278c9434c0789274887aa4364a69'),
(100165684, '12', 1, '2025-05-10 19:51:16', '2025-05-11', '12:12:00', '14:12:00', 4, 1, '+7 (111)-111-1111', 'barakatamir2005@gmail.com', '8731cdd0cc294732f018aeaab85a807014366a0a96e511d5e9cbf663771f3e52'),
(100165685, '1', 1, '2025-05-10 19:56:27', '2025-05-11', '12:12:00', '14:12:00', 1, 4, '+7 (111)-111-1111', '12@gmail.com', '14580ef8820ffe8f78750887cf95b5a823d7948832a425b336d97c06f904b3a2'),
(100165686, '12', 1, '2025-05-10 23:30:46', '2025-05-12', '12:12:00', '14:12:00', 1, 3, '+7 (111)-111-1111', 'barakatamir2005@gmail.com', 'c34bd2620694736adbd69d1a8559b88b91b8b14d3e4514926ec2fee7f63e1294'),
(100165687, '`1', 1, '2025-05-10 23:35:31', '2025-05-11', '12:12:00', '14:12:00', 1, 1, '+7 (111)-111-1111', 'barakatamir2005@gmail.com', '9ee223220c0b0c2175972d09004a4211a263d8c0e8bc5ac9a4485086a5505421'),
(100165688, '12', 1, '2025-05-10 23:37:22', '2025-05-12', '12:12:00', '14:12:00', 4, 1, '+7 (111)-111-1111', 'barakatamir2005@gmail.com', 'd6a2db40e53f0580f6239be3e3cd441ae7da21f946e5fa29e887ff2a03e3cb9e'),
(100165689, '12', 1, '2025-05-11 01:29:29', '2025-05-12', '12:12:00', '14:12:00', 1, 12, '+7 (111)-111-1111', 'barakatamir2005@gmail.com', '2644c29e76f35a16ef629332e841509266f9c8dbb2f31fc6727973f378b18aff'),
(100165690, '12', 1, '2025-05-12 19:20:07', '2025-05-13', '12:12:00', '14:12:00', 1, 1, '+7 (111)-111-1111', 'barakatamir2005@gmail.com', '183fa6598f5df9b3677c544e762e6e9d543aa03b95062cb7287a7b90082841b3'),
(100165691, '12', 1, '2025-05-12 19:31:02', '2025-05-13', '12:12:00', '14:12:00', 1, 1, '+7 (111)-111-1111', 'barakatamir2005@gmail.com', '8a0770bd6f4525d044cf801ce9c5b9fb08ea701d810b1a888084cd777399eefd'),
(100165692, '1', 1, '2025-05-12 19:38:59', '2025-05-13', '12:12:00', '14:12:00', 4, 1, '+7 (111)-111-1111', 'barakatamir2005@gmail.com', 'e056ec62cc24e3b287aed1b3d21aaecbc4d8881fdea2d0dc95766b0ea57e515e'),
(100165693, '12', 1, '2025-05-13 17:06:20', '2025-05-14', '12:12:00', '14:12:00', 4, 12, '+7 (111)-111-1111', 'barakatamir2005@gmail.com', 'fc0f057681288e5166ccc654599507b2bdbf47504dde8f288dc2c6e84810a144'),
(100165694, '12', 1, '2025-05-13 17:06:20', '2025-05-15', '12:12:00', '14:12:00', 4, 12, '+7 (111)-111-1111', 'barakatamir2005@gmail.com', 'fc0f057681288e5166ccc654599507b2bdbf47504dde8f288dc2c6e84810a144'),
(100165695, 'ыы', 1, '2025-05-19 20:56:34', '2025-05-20', '12:12:00', '14:12:00', 4, 12, '+7 (111)-111-1111', 'barakatamir2005@gmail.com', 'aa7d75e1530288fe90392eb60722e2d86c2a10b71acdeb443378f87347b33c65'),
(100165696, 'ы', 1, '2025-05-20 21:40:13', '2025-05-22', '12:12:00', '14:12:00', 4, 2, '+7 (111)-111-1111', 'barakatamir2005@gmail.com', '2347141b0af88a8085ed2754313fca3962949195d2bb40fe4044fa2e0086d954');

-- --------------------------------------------------------

--
-- Структура таблицы `booking_table`
--

CREATE TABLE `booking_table` (
  `id` int UNSIGNED NOT NULL,
  `booking_id` int UNSIGNED NOT NULL,
  `table_id` int UNSIGNED NOT NULL,
  `delete_started_at` datetime DEFAULT NULL,
  `status_id` int UNSIGNED NOT NULL COMMENT 'заблокировано или свободно или забронировано и сразу '
) ENGINE=InnoDB DEFAULT CHARSET=utf8mb4 COLLATE=utf8mb4_0900_ai_ci;

--
-- Дамп данных таблицы `booking_table`
--

INSERT INTO `booking_table` (`id`, `booking_id`, `table_id`, `delete_started_at`, `status_id`) VALUES
(10011550, 100165551, 6, '2025-04-27 23:33:38', 7),
(10011551, 100165552, 5, '2025-04-27 23:32:58', 7),
(10011552, 100165553, 5, '2025-03-28 01:41:25', 7),
(10011553, 100165554, 5, '2025-04-27 23:29:59', 7),
(10011554, 100165555, 5, '2025-04-27 23:29:49', 7),
(10011555, 100165556, 5, '2025-03-28 01:38:47', 7),
(10011556, 100165557, 5, '2025-03-28 01:38:15', 7),
(10011557, 100165558, 5, '2025-03-28 01:38:03', 7),
(10011558, 100165559, 5, '2025-03-28 01:36:16', 7),
(10011559, 100165560, 5, '2025-03-28 01:34:47', 7),
(10011560, 100165561, 5, '2025-03-28 01:33:18', 7),
(10011561, 100165562, 5, '2025-04-27 23:24:15', 7),
(10011562, 100165563, 5, '2025-04-27 23:23:40', 7),
(10011563, 100165564, 5, '2025-03-30 16:09:04', 7),
(10011564, 100165565, 2, '2025-03-30 16:08:46', 7),
(10011565, 100165565, 6, '2025-03-30 16:08:46', 7),
(10011566, 100165565, 5, '2025-03-30 16:08:46', 7),
(10011567, 100165566, 2, '2025-03-28 01:40:59', 7),
(10011568, 100165566, 6, '2025-03-28 01:40:59', 7),
(10011569, 100165566, 5, '2025-03-28 01:40:59', 7),
(10011570, 100165567, 1, '2025-03-28 01:40:42', 7),
(10011571, 100165567, 2, '2025-03-28 01:40:42', 7),
(10011572, 100165567, 3, '2025-03-28 01:40:42', 7),
(10011617, 100165589, 6, '2025-03-28 01:43:06', 7),
(10011618, 100165589, 9, '2025-03-28 01:43:06', 7),
(10011619, 100165589, 12, '2025-03-28 01:43:06', 7),
(10011620, 100165590, 4, '2025-04-04 23:18:04', 7),
(10011621, 100165590, 7, '2025-04-04 23:18:04', 7),
(10011622, 100165591, 12, '2025-04-27 22:37:28', 7),
(10011623, 100165591, 15, '2025-04-27 22:37:28', 7),
(10011624, 100165591, 11, '2025-04-27 22:37:28', 7),
(10011625, 100165592, 2, '2025-04-27 23:10:01', 7),
(10011626, 100165593, 4, '2025-04-28 01:57:13', 7),
(10011627, 100165594, 11, '2025-04-28 01:56:53', 7),
(10011628, 100165595, 3, NULL, 1),
(10011629, 100165596, 2, NULL, 1),
(10011630, 100165597, 3, NULL, 1),
(10011631, 100165598, 10, NULL, 1),
(10011632, 100165599, 3, NULL, 1),
(10011633, 100165600, 7, NULL, 1),
(10011634, 100165600, 8, NULL, 1),
(10011635, 100165601, 6, NULL, 1),
(10011636, 100165601, 9, NULL, 1),
(10011637, 100165602, 4, '2025-05-01 18:45:22', 7),
(10011638, 100165603, 1, '2025-05-01 18:44:13', 7),
(10011639, 100165604, 1, NULL, 1),
(10011640, 100165604, 10, NULL, 1),
(10011641, 100165605, 4, NULL, 1),
(10011642, 100165605, 7, NULL, 1),
(10011643, 100165606, 14, NULL, 1),
(10011644, 100165606, 13, NULL, 1),
(10011645, 100165607, 11, NULL, 1),
(10011646, 100165607, 8, NULL, 1),
(10011647, 100165608, 5, NULL, 1),
(10011648, 100165609, 2, NULL, 1),
(10011649, 100165610, 3, NULL, 1),
(10011650, 100165611, 9, NULL, 1),
(10011651, 100165612, 1, NULL, 1),
(10011652, 100165612, 5, NULL, 1),
(10011653, 100165612, 4, NULL, 1),
(10011654, 100165613, 1, '2025-05-07 18:29:24', 7),
(10011655, 100165613, 2, '2025-05-07 18:29:24', 7),
(10011656, 100165614, 3, '2025-05-07 18:28:20', 7),
(10011657, 100165614, 4, '2025-05-07 18:28:20', 7),
(10011658, 100165615, 2, NULL, 1),
(10011659, 100165616, 1, NULL, 1),
(10011660, 100165616, 6, NULL, 1),
(10011661, 100165617, 7, '2025-05-09 22:39:36', 7),
(10011662, 100165617, 8, '2025-05-09 22:39:36', 7),
(10011663, 100165618, 3, '2025-05-09 22:40:05', 7),
(10011664, 100165618, 4, '2025-05-09 22:40:05', 7),
(10011665, 100165619, 11, '2025-05-09 22:38:49', 7),
(10011666, 100165619, 12, '2025-05-09 22:38:49', 7),
(10011667, 100165620, 5, '2025-05-09 22:34:00', 7),
(10011668, 100165621, 9, '2025-05-09 22:38:18', 7),
(10011669, 100165622, 9, '2025-05-09 22:27:12', 7),
(10011670, 100165623, 10, '2025-05-10 20:10:51', 7),
(10011671, 100165624, 1, '2025-05-10 19:42:14', 7),
(10011672, 100165624, 2, '2025-05-10 19:42:14', 7),
(10011673, 100165625, 5, '2025-05-09 22:17:32', 7),
(10011674, 100165626, 10, '2025-05-09 22:16:49', 7),
(10011675, 100165627, 3, '2025-05-09 22:15:31', 7),
(10011676, 100165628, 4, '2025-05-09 22:14:44', 7),
(10011677, 100165629, 11, '2025-05-09 22:05:51', 7),
(10011678, 100165630, 6, '2025-05-09 22:02:12', 7),
(10011679, 100165643, 7, '2025-05-09 21:42:50', 7),
(10011680, 100165645, 8, '2025-05-09 20:37:34', 7),
(10011681, 100165647, 9, '2025-05-09 19:04:17', 7),
(10011682, 100165648, 13, '2025-05-10 19:39:48', 7),
(10011683, 100165649, 1, '2025-05-09 19:02:19', 7),
(10011684, 100165649, 2, '2025-05-09 19:02:19', 7),
(10011685, 100165649, 3, '2025-05-09 19:02:19', 7),
(10011686, 100165649, 4, '2025-05-09 19:02:19', 7),
(10011687, 100165649, 5, '2025-05-09 19:02:19', 7),
(10011688, 100165649, 6, '2025-05-09 19:02:19', 7),
(10011689, 100165649, 7, '2025-05-09 19:02:19', 7),
(10011690, 100165649, 9, '2025-05-09 19:02:19', 7),
(10011691, 100165649, 10, '2025-05-09 19:02:19', 7),
(10011692, 100165649, 11, '2025-05-09 19:02:19', 7),
(10011693, 100165649, 13, '2025-05-09 19:02:19', 7),
(10011694, 100165649, 14, '2025-05-09 19:02:19', 7),
(10011695, 100165649, 15, '2025-05-09 19:02:19', 7),
(10011696, 100165650, 8, '2025-05-09 19:10:59', 7),
(10011697, 100165650, 12, '2025-05-09 19:10:59', 7),
(10011698, 100165651, 12, '2025-05-09 18:04:03', 7),
(10011699, 100165652, 1, '2025-05-10 19:38:48', 7),
(10011700, 100165653, 2, '2025-05-10 20:09:43', 7),
(10011701, 100165654, 1, '2025-05-10 20:30:17', 7),
(10011702, 100165660, 1, '2025-05-10 22:02:40', 7),
(10011703, 100165661, 2, '2025-05-10 22:02:25', 7),
(10011704, 100165662, 3, '2025-05-10 21:54:02', 7),
(10011705, 100165662, 4, '2025-05-10 21:54:02', 7),
(10011706, 100165663, 5, '2025-05-10 20:54:44', 7),
(10011707, 100165664, 6, '2025-05-10 21:50:44', 7),
(10011708, 100165665, 5, '2025-05-10 21:42:54', 7),
(10011709, 100165666, 7, '2025-05-10 21:40:03', 7),
(10011710, 100165667, 8, '2025-05-10 21:39:06', 7),
(10011711, 100165668, 7, NULL, 1),
(10011712, 100165669, 1, '2025-05-10 22:24:24', 7),
(10011713, 100165684, 3, '2025-05-10 22:54:40', 7),
(10011714, 100165685, 1, '2025-05-10 22:59:11', 7),
(10011715, 100165685, 3, NULL, 1),
(10011716, 100165685, 13, NULL, 1),
(10011717, 100165685, 14, NULL, 1),
(10011718, 100165686, 2, NULL, 1),
(10011719, 100165686, 3, NULL, 1),
(10011720, 100165686, 4, NULL, 1),
(10011721, 100165687, 9, NULL, 1),
(10011722, 100165688, 12, '2025-05-11 04:27:42', 7),
(10011723, 100165689, 7, '2025-05-11 04:29:49', 7),
(10011724, 100165689, 8, '2025-05-11 04:32:02', 7),
(10011725, 100165689, 12, NULL, 1),
(10011726, 100165689, 13, NULL, 1),
(10011727, 100165690, 2, NULL, 1),
(10011728, 100165691, 8, NULL, 1),
(10011729, 100165692, 14, '2025-05-21 00:57:57', 7),
(10011730, 100165693, 2, '2025-05-21 00:54:18', 7),
(10011731, 100165693, 8, '2025-05-21 00:54:18', 7),
(10011732, 100165695, 1, '2025-05-20 00:25:08', 7),
(10011733, 100165695, 2, '2025-05-20 00:25:08', 7),
(10011734, 100165695, 3, '2025-05-20 00:25:08', 7),
(10011735, 100165696, 2, '2025-05-21 00:46:36', 7),
(10011736, 100165696, 3, '2025-05-21 00:46:36', 7);

-- --------------------------------------------------------

--
-- Структура таблицы `dish`
--

CREATE TABLE `dish` (
  `id` int UNSIGNED NOT NULL,
  `title` varchar(255) NOT NULL,
  `description` varchar(255) NOT NULL,
  `price` int NOT NULL,
  `weight` int NOT NULL,
  `status_id` int UNSIGNED NOT NULL
) ENGINE=InnoDB DEFAULT CHARSET=utf8mb4 COLLATE=utf8mb4_0900_ai_ci;

--
-- Дамп данных таблицы `dish`
--

INSERT INTO `dish` (`id`, `title`, `description`, `price`, `weight`, `status_id`) VALUES
(1, 'Цезарь с курицей', 'Салат с курицей, листьями салата и соусом Цезарь', 350, 220, 9),
(2, 'Борщ со сметаной', 'Традиционный украинский суп с капустой и свеклой', 250, 300, 9),
(3, 'Пицца Маргарита', 'Классическая пицца с томатами и моцареллой', 450, 500, 9),
(4, 'Паста Карбонара', 'Паста со сливочным соусом, беконом и пармезаном', 400, 350, 9),
(5, 'Стейк из говядины', 'Среднепрожаренный стейк с гарниром', 850, 300, 9),
(6, 'Чизкейк', 'Нежный десерт из сливочного сыра на основе из печенья', 270, 150, 9),
(7, 'Лимонад домашний', 'Освежающий напиток с лимоном и мятой', 150, 250, 9),
(8, 'Американо', 'Кофе средней крепости', 120, 200, 9),
(9, 'Плов с говядиной', 'Рассыпчатый рис с сочной говядиной и морковью', 420, 300, 1),
(10, 'Куриные котлеты', 'Домашние котлеты из куриного фарша с гарниром', 380, 250, 1),
(11, 'Говяжий стейк', 'Среднепрожаренный стейк из говядины, подается с соусом', 590, 250, 1),
(12, 'Овощной суп', 'Лёгкий суп из сезонных овощей', 240, 300, 1),
(13, 'Курица с картофелем', 'Запечённая куриная грудка с картофельным пюре', 410, 280, 1),
(14, 'Гречка с тушёной говядиной', 'Классическое блюдо — гречневая каша с мясом', 360, 300, 1),
(15, 'Салат \"Овощной\"', 'Свежие огурцы, помидоры, зелень, масло', 180, 150, 1),
(16, 'Салат с курицей', 'Салат с отварной курицей, яйцом и майонезом', 220, 180, 1),
(17, 'Рис с овощами', 'Отварной рис с тушёными овощами', 270, 250, 1),
(18, 'Компот из сухофруктов', 'Традиционный сладкий напиток', 90, 200, 1);

-- --------------------------------------------------------

--
-- Структура таблицы `order`
--

CREATE TABLE `order` (
  `id` int UNSIGNED NOT NULL,
  `table_id` int UNSIGNED DEFAULT NULL,
  `created_at` timestamp NOT NULL DEFAULT CURRENT_TIMESTAMP,
  `order_type` int UNSIGNED NOT NULL COMMENT 'с собой или на месте',
  `order_status` int UNSIGNED NOT NULL COMMENT 'готов ил нет',
  `waiter_id` int UNSIGNED NOT NULL
) ENGINE=InnoDB DEFAULT CHARSET=utf8mb4 COLLATE=utf8mb4_0900_ai_ci;

--
-- Дамп данных таблицы `order`
--

INSERT INTO `order` (`id`, `table_id`, `created_at`, `order_type`, `order_status`, `waiter_id`) VALUES
(27, 4, '2025-05-22 17:47:27', 11, 4, 3),
(29, 15, '2025-05-22 17:54:38', 11, 14, 3),
(30, 3, '2025-05-22 18:04:12', 10, 14, 3),
(31, 3, '2025-05-22 18:04:34', 11, 14, 3),
(32, 2, '2025-05-22 21:15:32', 11, 14, 3),
(33, 6, '2025-05-22 21:15:45', 11, 14, 3),
(34, 5, '2025-05-22 21:15:53', 11, 14, 3),
(35, 2, '2025-05-22 21:16:02', 11, 14, 3),
(36, 2, '2025-05-22 21:16:15', 11, 14, 3),
(37, NULL, '2025-05-23 08:36:42', 11, 14, 3),
(38, 2, '2025-05-23 08:37:12', 10, 14, 3),
(39, 5, '2025-05-23 08:37:43', 10, 14, 3),
(40, 5, '2025-05-23 10:01:20', 11, 14, 3),
(41, 3, '2025-05-23 10:39:23', 11, 14, 3),
(42, 2, '2025-05-23 14:55:47', 11, 14, 3),
(43, 2, '2025-05-23 14:56:00', 11, 14, 3),
(44, 5, '2025-05-23 21:25:59', 10, 14, 3),
(45, NULL, '2025-05-23 21:58:22', 10, 14, 3),
(46, 2, '2025-05-23 22:00:34', 10, 14, 3),
(47, 7, '2025-05-23 22:59:25', 11, 14, 3),
(48, 5, '2025-05-23 23:01:46', 11, 14, 3),
(49, 6, '2025-05-23 23:02:24', 10, 14, 3),
(50, 6, '2025-05-23 23:05:41', 11, 14, 3),
(51, 7, '2025-05-23 23:11:11', 10, 14, 3),
(52, 7, '2025-05-23 23:11:57', 11, 9, 3);

-- --------------------------------------------------------

--
-- Структура таблицы `order_dish`
--

CREATE TABLE `order_dish` (
  `id` int UNSIGNED NOT NULL,
  `order_id` int UNSIGNED NOT NULL,
  `dish_id` int UNSIGNED NOT NULL,
  `count` int NOT NULL COMMENT 'количество борща',
  `status_id` int UNSIGNED NOT NULL
) ENGINE=InnoDB DEFAULT CHARSET=utf8mb4 COLLATE=utf8mb4_0900_ai_ci;

--
-- Дамп данных таблицы `order_dish`
--

INSERT INTO `order_dish` (`id`, `order_id`, `dish_id`, `count`, `status_id`) VALUES
(21, 27, 4, 2, 4),
(22, 27, 6, 1, 4),
(39, 29, 5, 1, 14),
(40, 29, 3, 3, 14),
(41, 30, 6, 1, 14),
(42, 31, 5, 1, 14),
(43, 32, 4, 1, 14),
(44, 32, 15, 1, 14),
(45, 32, 16, 1, 14),
(46, 32, 8, 1, 14),
(47, 33, 7, 1, 14),
(48, 33, 9, 1, 14),
(49, 33, 3, 1, 14),
(50, 34, 4, 1, 14),
(51, 34, 5, 1, 14),
(52, 35, 2, 1, 14),
(53, 35, 4, 1, 14),
(54, 35, 8, 1, 14),
(55, 36, 5, 1, 14),
(56, 36, 5, 1, 14),
(57, 36, 5, 1, 14),
(58, 37, 4, 1, 14),
(59, 37, 4, 3, 14),
(60, 37, 7, 2, 14),
(61, 37, 6, 2, 14),
(62, 37, 6, 3, 14),
(63, 38, 5, 2, 14),
(64, 38, 6, 3, 14),
(65, 38, 7, 4, 14),
(66, 39, 5, 2, 14),
(67, 39, 3, 2, 14),
(68, 39, 5, 3, 14),
(69, 39, 6, 4, 14),
(70, 40, 5, 1, 14),
(71, 40, 6, 1, 14),
(72, 40, 7, 1, 14),
(73, 41, 8, 1, 14),
(74, 42, 7, 4, 14),
(75, 42, 6, 3, 14),
(76, 42, 6, 5, 14),
(77, 43, 6, 2, 14),
(78, 43, 6, 2, 14),
(81, 44, 15, 1, 14),
(82, 44, 9, 2, 14),
(83, 45, 5, 1, 14),
(84, 45, 7, 1, 14),
(85, 45, 7, 1, 14),
(86, 45, 9, 1, 14),
(87, 46, 8, 1, 14),
(88, 47, 5, 1, 14),
(89, 47, 5, 1, 14),
(90, 47, 8, 1, 14),
(91, 48, 5, 6, 14),
(92, 48, 7, 5, 14),
(93, 49, 6, 1, 14),
(94, 49, 6, 1, 14),
(95, 50, 5, 1, 14),
(96, 50, 7, 1, 14),
(97, 51, 6, 1, 14),
(98, 51, 8, 2, 14),
(99, 52, 6, 1, 9),
(100, 52, 8, 1, 9);

-- --------------------------------------------------------

--
-- Структура таблицы `role`
--

CREATE TABLE `role` (
  `id` int UNSIGNED NOT NULL,
  `title` varchar(255) NOT NULL
) ENGINE=InnoDB DEFAULT CHARSET=utf8mb4 COLLATE=utf8mb4_0900_ai_ci;

--
-- Дамп данных таблицы `role`
--

INSERT INTO `role` (`id`, `title`) VALUES
(1, 'user'),
(2, 'admin'),
(3, 'manager'),
(4, 'cook'),
(5, 'waiter');

-- --------------------------------------------------------

--
-- Структура таблицы `status`
--

CREATE TABLE `status` (
  `id` int UNSIGNED NOT NULL,
  `title` varchar(255) NOT NULL
) ENGINE=InnoDB DEFAULT CHARSET=utf8mb4 COLLATE=utf8mb4_0900_ai_ci;

--
-- Дамп данных таблицы `status`
--

INSERT INTO `status` (`id`, `title`) VALUES
(1, 'Забронировано'),
(2, 'Заблокировано'),
(3, 'Завершено'),
(4, 'Отменён'),
(5, 'готовится'),
(6, 'готов к выдаче'),
(7, 'Свободно'),
(9, 'Новый'),
(10, 'На месте'),
(11, 'С собой'),
(14, 'Выдано');

-- --------------------------------------------------------

--
-- Структура таблицы `table`
--

CREATE TABLE `table` (
  `id` int UNSIGNED NOT NULL
) ENGINE=InnoDB DEFAULT CHARSET=utf8mb4 COLLATE=utf8mb4_0900_ai_ci;

--
-- Дамп данных таблицы `table`
--

INSERT INTO `table` (`id`) VALUES
(1),
(2),
(3),
(4),
(5),
(6),
(7),
(8),
(9),
(10),
(11),
(12),
(13),
(14),
(15);

-- --------------------------------------------------------

--
-- Структура таблицы `user`
--

CREATE TABLE `user` (
  `id` int UNSIGNED NOT NULL,
  `created_by_id` int DEFAULT NULL,
  `fio` varchar(255) NOT NULL,
  `email` varchar(255) NOT NULL,
  `gender` varchar(255) NOT NULL,
  `phone` varchar(255) NOT NULL,
  `password` varchar(255) NOT NULL,
  `role_id` int UNSIGNED NOT NULL,
  `auth_key` varchar(255) NOT NULL
) ENGINE=InnoDB DEFAULT CHARSET=utf8mb4 COLLATE=utf8mb4_0900_ai_ci;

--
-- Дамп данных таблицы `user`
--

INSERT INTO `user` (`id`, `created_by_id`, `fio`, `email`, `gender`, `phone`, `password`, `role_id`, `auth_key`) VALUES
(1, NULL, 'в', 'user@u.ru', 'Мужской', '+7 (999)-999-99-99', '$2y$13$hxAdbQCCYidvGGfpPBtt/uI00uUEFqYj/tUq/QfAYD4hJ44dfqtqq', 1, 'EocG33jibvBjhaqaVihn6y5JVrHrcHAr'),
(2, NULL, 'ыыы', 'cook@u.ru', 'Мужской', '+7 (999)-999-99-99', '$2y$13$YidieECv71WrKKbF5i1sm.PPvocJ6tQVlbilbt3mA8RS537/ucrBm', 4, '1Ukldb7WBJvcQx5cBDij8dKEnGfrfibT'),
(3, NULL, 'в', 'waiter@u.ru', 'Мужской', '+7 (999)-999-99-99', '$2y$13$IMumLxUUrgVv0I5GUuwROOq38IbjSB1WTQkjrz8KVeafNz5Z.EjWy', 5, 'xnAk2YIDRA4YrjPMeEhi2cwM1Ey5f0hk'),
(4, NULL, 'а', 'manager@u.ru', 'Мужской', '+7 (999)-999-99-99', '$2y$13$qTwJHLGYjdHEQ5B0H9X0UOTV7.bKrVPq3pNbWDKp9FJT3Av8HF85u', 3, '4DCM0bWXJ6cPgxyZRLV5dDzS7lRUPOA4'),
(5, NULL, 'а', 'admin@u.ru', 'Мужской', '+7 (888)-888-88-88', '$2y$13$xeR3rXdnwVQVAKFWpooEH.PFSTa9FpUaEk43Mmth4L1uCPUIrHz8O', 2, '17Uzq3a-SdT0BrCsGPVgTkn1M6SmysQB'),
(11, 4, 'ффф', 'hackAdmin@gmail.com', 'Мужской', '+7 (111)-111-11-11', '$2y$13$qj.ZuuxD//nrcqh1ONiXkudSZcrZ0b3KeTscg4JCOe4kVTl57n4Hm', 2, 'o6JuR8GkNsI4S1uhEz3iA_WxK_0HQXby'),
(12, NULL, 'ф', 'a@gmail.com', 'Мужской', '+7 (111)-111-11-11', '$2y$13$0PKQjYx4I8UNa2DF12YuVug5x2RDx7bXwqVKoEK.umIE0RL1rMtHu', 1, '2y3n5bsySZ0wzNAOIn_mmmSjbIuV7dst'),
(13, NULL, 'ыйфыф', 'a@A.ru', 'Мужской', '+7 (212)-121-11-11', '$2y$13$Tl9SGwdckPPkvz.uOKcxM.uoSge81iCBRR3BZbW3xYbesX9NFFP0C', 1, 'ivQSLZAKFnvLeVzNnhmyC5hVlSt6DOFV'),
(14, NULL, 's', 'ss@a.ru', 'Мужской', '+7 (212)-212-12-12', '$2y$13$qqFgHb2r0ZCWOKyT3sEm5u7JEFjh8taP.kqWToe2.7z1hraf1QTr2', 1, 'YViPj4W7UBYiWk3TNdd0MnQmFsVgIFOM'),
(15, 4, 'ыы', 'ss@s.ru', 'Женский', '+7 (121)-212-12-21', '$2y$13$KITtV.JS4bSYVXZK.qkDQO44RbYrjf2W9OFPn0.fI6IRTZgwg7NDa', 5, 'V_Ryd_FoTrGyvBvCAhisRfUsY8UZ7xgO'),
(16, 4, 'a', 'a@a.ru', 'Мужской', '+7 (121)-212-12-12', '$2y$13$dRJRlXlMJdEDYqwEO3zDUORjD//D183cq1bTdrr4wScn19bT4ZS7O', 4, 't6sdWBusGX2f_yGKrNaGikcN7gSWxt1e'),
(17, 4, 'фыфы', 'a@a.ru', 'Мужской', '+7 (111)-111-11-11', '$2y$13$JigTcQxhak0gnO0zXTNm0OOJ3BM46AY.BNLM9fXWg3LyN732LskoW', 5, 'Z9gqnEnAwwZ89WA8WriA4tEk7hVJDvPt'),
(20, 4, 'asa', 'a@a.ru', 'Женский', '+7 (121)-212-12-12', '$2y$13$6szDzxIKIIeNrmXOWC7xV.5hKFdBIBLSsMWNUDbya4XS0Lo.w6j/y', 3, 'lnHRoW6ce892oXkvGayHr-NV9lcTP5Qy'),
(21, 5, 'asasa', 'a@a.ru', 'Мужской', '+7 (121)-212-12-12', '$2y$13$Kku5EbMrfSmTeBX/fppcF.UEnkpbnZNjLETocKx/LYcLgnu49D7Xa', 2, 'yN4LhuodHoyE_eONdGGy_D2_54bUesIp');

--
-- Индексы сохранённых таблиц
--

--
-- Индексы таблицы `booking`
--
ALTER TABLE `booking`
  ADD PRIMARY KEY (`id`),
  ADD KEY `user_id` (`user_id`),
  ADD KEY `status_id` (`status_id`);

--
-- Индексы таблицы `booking_table`
--
ALTER TABLE `booking_table`
  ADD PRIMARY KEY (`id`),
  ADD KEY `booking_id` (`booking_id`),
  ADD KEY `table_id` (`table_id`),
  ADD KEY `status_id` (`status_id`);

--
-- Индексы таблицы `dish`
--
ALTER TABLE `dish`
  ADD PRIMARY KEY (`id`),
  ADD KEY `status_id` (`status_id`);

--
-- Индексы таблицы `order`
--
ALTER TABLE `order`
  ADD PRIMARY KEY (`id`),
  ADD KEY `table_id` (`table_id`),
  ADD KEY `waiter_id` (`waiter_id`);

--
-- Индексы таблицы `order_dish`
--
ALTER TABLE `order_dish`
  ADD PRIMARY KEY (`id`),
  ADD KEY `dish_id` (`dish_id`),
  ADD KEY `order_id` (`order_id`),
  ADD KEY `status_id` (`status_id`);

--
-- Индексы таблицы `role`
--
ALTER TABLE `role`
  ADD PRIMARY KEY (`id`);

--
-- Индексы таблицы `status`
--
ALTER TABLE `status`
  ADD PRIMARY KEY (`id`);

--
-- Индексы таблицы `table`
--
ALTER TABLE `table`
  ADD PRIMARY KEY (`id`);

--
-- Индексы таблицы `user`
--
ALTER TABLE `user`
  ADD PRIMARY KEY (`id`),
  ADD KEY `role_id` (`role_id`);

--
-- AUTO_INCREMENT для сохранённых таблиц
--

--
-- AUTO_INCREMENT для таблицы `booking`
--
ALTER TABLE `booking`
  MODIFY `id` int UNSIGNED NOT NULL AUTO_INCREMENT, AUTO_INCREMENT=100165697;

--
-- AUTO_INCREMENT для таблицы `booking_table`
--
ALTER TABLE `booking_table`
  MODIFY `id` int UNSIGNED NOT NULL AUTO_INCREMENT, AUTO_INCREMENT=10011737;

--
-- AUTO_INCREMENT для таблицы `dish`
--
ALTER TABLE `dish`
  MODIFY `id` int UNSIGNED NOT NULL AUTO_INCREMENT, AUTO_INCREMENT=19;

--
-- AUTO_INCREMENT для таблицы `order`
--
ALTER TABLE `order`
  MODIFY `id` int UNSIGNED NOT NULL AUTO_INCREMENT, AUTO_INCREMENT=53;

--
-- AUTO_INCREMENT для таблицы `order_dish`
--
ALTER TABLE `order_dish`
  MODIFY `id` int UNSIGNED NOT NULL AUTO_INCREMENT, AUTO_INCREMENT=101;

--
-- AUTO_INCREMENT для таблицы `role`
--
ALTER TABLE `role`
  MODIFY `id` int UNSIGNED NOT NULL AUTO_INCREMENT, AUTO_INCREMENT=6;

--
-- AUTO_INCREMENT для таблицы `status`
--
ALTER TABLE `status`
  MODIFY `id` int UNSIGNED NOT NULL AUTO_INCREMENT, AUTO_INCREMENT=15;

--
-- AUTO_INCREMENT для таблицы `table`
--
ALTER TABLE `table`
  MODIFY `id` int UNSIGNED NOT NULL AUTO_INCREMENT, AUTO_INCREMENT=31;

--
-- AUTO_INCREMENT для таблицы `user`
--
ALTER TABLE `user`
  MODIFY `id` int UNSIGNED NOT NULL AUTO_INCREMENT, AUTO_INCREMENT=22;

--
-- Ограничения внешнего ключа сохраненных таблиц
--

--
-- Ограничения внешнего ключа таблицы `booking`
--
ALTER TABLE `booking`
  ADD CONSTRAINT `booking_ibfk_1` FOREIGN KEY (`user_id`) REFERENCES `user` (`id`) ON DELETE CASCADE ON UPDATE CASCADE,
  ADD CONSTRAINT `booking_ibfk_2` FOREIGN KEY (`status_id`) REFERENCES `status` (`id`) ON DELETE CASCADE ON UPDATE CASCADE;

--
-- Ограничения внешнего ключа таблицы `booking_table`
--
ALTER TABLE `booking_table`
  ADD CONSTRAINT `booking_table_ibfk_1` FOREIGN KEY (`booking_id`) REFERENCES `booking` (`id`) ON DELETE CASCADE ON UPDATE CASCADE,
  ADD CONSTRAINT `booking_table_ibfk_2` FOREIGN KEY (`table_id`) REFERENCES `table` (`id`) ON DELETE CASCADE ON UPDATE CASCADE,
  ADD CONSTRAINT `booking_table_ibfk_3` FOREIGN KEY (`status_id`) REFERENCES `status` (`id`) ON DELETE CASCADE ON UPDATE CASCADE;

--
-- Ограничения внешнего ключа таблицы `dish`
--
ALTER TABLE `dish`
  ADD CONSTRAINT `dish_ibfk_1` FOREIGN KEY (`status_id`) REFERENCES `status` (`id`) ON DELETE CASCADE ON UPDATE CASCADE;

--
-- Ограничения внешнего ключа таблицы `order`
--
ALTER TABLE `order`
  ADD CONSTRAINT `order_ibfk_1` FOREIGN KEY (`table_id`) REFERENCES `table` (`id`) ON DELETE CASCADE ON UPDATE CASCADE,
  ADD CONSTRAINT `order_ibfk_2` FOREIGN KEY (`waiter_id`) REFERENCES `user` (`id`) ON DELETE CASCADE ON UPDATE CASCADE;

--
-- Ограничения внешнего ключа таблицы `order_dish`
--
ALTER TABLE `order_dish`
  ADD CONSTRAINT `order_dish_ibfk_1` FOREIGN KEY (`dish_id`) REFERENCES `dish` (`id`) ON DELETE CASCADE ON UPDATE CASCADE,
  ADD CONSTRAINT `order_dish_ibfk_2` FOREIGN KEY (`order_id`) REFERENCES `order` (`id`) ON DELETE CASCADE ON UPDATE CASCADE,
  ADD CONSTRAINT `order_dish_ibfk_3` FOREIGN KEY (`status_id`) REFERENCES `status` (`id`) ON DELETE CASCADE ON UPDATE CASCADE;

--
-- Ограничения внешнего ключа таблицы `user`
--
ALTER TABLE `user`
  ADD CONSTRAINT `user_ibfk_1` FOREIGN KEY (`role_id`) REFERENCES `role` (`id`) ON DELETE CASCADE ON UPDATE CASCADE;
COMMIT;

/*!40101 SET CHARACTER_SET_CLIENT=@OLD_CHARACTER_SET_CLIENT */;
/*!40101 SET CHARACTER_SET_RESULTS=@OLD_CHARACTER_SET_RESULTS */;
/*!40101 SET COLLATION_CONNECTION=@OLD_COLLATION_CONNECTION */;
